FIPS,state,county,vote2020,firearm_cat,firearm_rate
FIPS_01001,AL,Autauga County,66.2,Above 17,17.59
FIPS_01005,AL,Barbour County,54,Above 17,25.52
FIPS_01007,AL,Bibb County,54.6,Above 17,17.82
FIPS_01009,AL,Blount County,64.2,Above 17,20.4
FIPS_01011,AL,Bullock County,59.1,Above 17,25.55
FIPS_01013,AL,Butler County,62.9,Above 17,26.41
FIPS_01015,AL,Calhoun County,57.9,Above 17,26.11
FIPS_01017,AL,Chambers County,58.5,Above 17,26.9
FIPS_01019,AL,Cherokee County,59.5,Above 17,25.36
FIPS_01025,AL,Clarke County,70.3,Above 17,22.63
FIPS_01027,AL,Clay County,66.4,Above 17,22.56
FIPS_01029,AL,Cleburne County,63.1,Above 17,24.1
FIPS_01031,AL,Coffee County,57.2,Above 17,20.34
FIPS_01033,AL,Colbert County,64.8,Above 17,21.52
FIPS_01035,AL,Conecuh County,66.6,Above 17,27.84
FIPS_01037,AL,Coosa County,61.7,Above 17,18.74
FIPS_01039,AL,Covington County,60.3,Above 17,22.64
FIPS_01041,AL,Crenshaw County,62.5,Above 17,21.72
FIPS_01045,AL,Dale County,52.9,Above 17,22.4
FIPS_01047,AL,Dallas County,62.2,Above 17,40.87
FIPS_01049,AL,DeKalb County,58.9,Above 17,19.04
FIPS_01051,AL,Elmore County,65.7,Above 17,24.22
FIPS_01053,AL,Escambia County,55.9,Above 17,23.26
FIPS_01055,AL,Etowah County,60.3,Above 17,20.68
FIPS_01057,AL,Fayette County,68,Above 17,19.51
FIPS_01065,AL,Hale County,69.8,Above 17,27.1
FIPS_01067,AL,Henry County,68.8,Above 17,19.78
FIPS_01069,AL,Houston County,57.8,Above 17,17.12
FIPS_01071,AL,Jackson County,58.4,Above 17,23.55
FIPS_01073,AL,Jefferson County,66,Above 17,31.11
FIPS_01079,AL,Lawrence County,62.6,Above 17,24.24
FIPS_01081,AL,Lee County,57.7,Above 17,17.89
FIPS_01083,AL,Limestone County,67,Above 17,17.13
FIPS_01085,AL,Lowndes County,89.2,Above 17,62.28
FIPS_01087,AL,Macon County,57.4,Above 17,47.76
FIPS_01089,AL,Madison County,69.9,Above 17,18.07
FIPS_01091,AL,Marengo County,74.6,Above 17,22.99
FIPS_01093,AL,Marion County,59.1,Above 17,20.8
FIPS_01097,AL,Mobile County,58.7,Above 17,25.19
FIPS_01099,AL,Monroe County,65.1,Above 17,18.08
FIPS_01101,AL,Montgomery County,59.2,Above 17,29.47
FIPS_01103,AL,Morgan County,60.8,Above 17,23.64
FIPS_01105,AL,Perry County,73.6,Above 17,21.9
FIPS_01109,AL,Pike County,53.3,Above 17,19.88
FIPS_01111,AL,Randolph County,61,Above 17,24.63
FIPS_01113,AL,Russell County,49.3,Above 17,31.12
FIPS_01119,AL,Sumter County,63.4,Above 17,26.95
FIPS_01121,AL,Talladega County,57.3,Above 17,27.25
FIPS_01123,AL,Tallapoosa County,66.2,Above 17,26.68
FIPS_01127,AL,Walker County,63.4,Above 17,23.79
FIPS_01129,AL,Washington County,69.2,Above 17,25.62
FIPS_01131,AL,Wilcox County,73.8,Above 17,35.91
FIPS_01133,AL,Winston County,60.7,Above 17,22.82
FIPS_04003,AZ,Cochise County,64,Above 17,20.45
FIPS_04007,AZ,Gila County,65.3,Above 17,30.45
FIPS_04012,AZ,La Paz County,45.8,Above 17,37.28
FIPS_04015,AZ,Mohave County,62.1,Above 17,28.44
FIPS_04017,AZ,Navajo County,64.9,Above 17,23.71
FIPS_04019,AZ,Pima County,68.3,Above 17,17.76
FIPS_04023,AZ,Santa Cruz County,69.1,Below 10,6.47
FIPS_04025,AZ,Yavapai County,75.8,Above 17,27.22
FIPS_05001,AR,Arkansas County,46.3,Above 17,21.39
FIPS_05003,AR,Ashley County,52.7,Above 17,24.04
FIPS_05005,AR,Baxter County,61.4,Above 17,30.26
FIPS_05009,AR,Boone County,59.4,Above 17,19.23
FIPS_05011,AR,Bradley County,47.6,Above 17,20.31
FIPS_05017,AR,Chicot County,51.8,Above 17,24.97
FIPS_05023,AR,Cleburne County,63.1,Above 17,23.18
FIPS_05027,AR,Columbia County,46.7,Above 17,22.91
FIPS_05031,AR,Craighead County,48.6,Above 17,17.28
FIPS_05035,AR,Crittenden County,47.2,Above 17,28.94
FIPS_05037,AR,Cross County,56.2,Above 17,18.04
FIPS_05039,AR,Dallas County,47.4,Above 17,27.89
FIPS_05041,AR,Desha County,50.4,Above 17,20.83
FIPS_05043,AR,Drew County,48.6,Above 17,23.99
FIPS_05047,AR,Franklin County,52.2,Above 17,23.61
FIPS_05049,AR,Fulton County,52.7,Above 17,21.21
FIPS_05051,AR,Garland County,57.7,Above 17,26.7
FIPS_05053,AR,Grant County,58.7,Above 17,19.75
FIPS_05055,AR,Greene County,47.4,Above 17,20.36
FIPS_05059,AR,Hot Spring County,47.8,Above 17,19.02
FIPS_05061,AR,Howard County,52.9,Above 17,19.55
FIPS_05065,AR,Izard County,52,Above 17,22.07
FIPS_05069,AR,Jefferson County,47.7,Above 17,40.65
FIPS_05071,AR,Johnson County,51.4,Above 17,17.35
FIPS_05073,AR,Lafayette County,50,Above 17,35.7
FIPS_05075,AR,Lawrence County,45.7,Above 17,25.45
FIPS_05081,AR,Little River County,54,Above 17,25.98
FIPS_05087,AR,Madison County,59.4,Above 17,17.05
FIPS_05089,AR,Marion County,55.6,Above 17,28.93
FIPS_05091,AR,Miller County,50.5,Above 17,20.66
FIPS_05093,AR,Mississippi County,41.1,Above 17,37.69
FIPS_05095,AR,Monroe County,51.9,Above 17,31.94
FIPS_05097,AR,Montgomery County,54.5,Above 17,24.6
FIPS_05107,AR,Phillips County,46.3,Above 17,65.08
FIPS_05111,AR,Poinsett County,42,Above 17,21.86
FIPS_05113,AR,Polk County,57.1,Above 17,29
FIPS_05115,AR,Pope County,51.7,Above 17,19.06
FIPS_05119,AR,Pulaski County,58.7,Above 17,26.82
FIPS_05121,AR,Randolph County,50.6,Above 17,20.19
FIPS_05123,AR,St. Francis County,36.9,Above 17,22.01
FIPS_05125,AR,Saline County,62.8,Above 17,17.83
FIPS_05129,AR,Searcy County,63.6,Above 17,27.79
FIPS_05135,AR,Sharp County,55.7,Above 17,24.2
FIPS_05137,AR,Stone County,58.9,Above 17,22.32
FIPS_05139,AR,Union County,56.9,Above 17,25.08
FIPS_06001,CA,Alameda County,70.6,Below 10,7.7
FIPS_06005,CA,Amador County,69.4,Above 17,19.46
FIPS_06009,CA,Calaveras County,72.7,Above 17,18.81
FIPS_06013,CA,Contra Costa County,75.1,Below 10,8.12
FIPS_06021,CA,Glenn County,64.7,Above 17,19.16
FIPS_06025,CA,Imperial County,54.9,Below 10,5.73
FIPS_06031,CA,Kings County,47.1,Below 10,9.78
FIPS_06033,CA,Lake County,59.9,Above 17,18.97
FIPS_06037,CA,Los Angeles County,67,Below 10,7.62
FIPS_06041,CA,Marin County,84,Below 10,6.01
FIPS_06043,CA,Mariposa County,73.1,Above 17,18.43
FIPS_06047,CA,Merced County,59.5,Below 10,9.1
FIPS_06053,CA,Monterey County,69.2,Below 10,9.48
FIPS_06055,CA,Napa County,75,Below 10,6.89
FIPS_06059,CA,Orange County,72.7,Below 10,4.86
FIPS_06061,CA,Placer County,80.8,Below 10,7.24
FIPS_06065,CA,Riverside County,62.7,Below 10,8.31
FIPS_06067,CA,Sacramento County,68.1,Below 10,9.72
FIPS_06069,CA,San Benito County,72.7,Below 10,7.79
FIPS_06073,CA,San Diego County,69.8,Below 10,6.62
FIPS_06075,CA,San Francisco County,68,Below 10,5.11
FIPS_06079,CA,San Luis Obispo County,72.5,Below 10,9.47
FIPS_06081,CA,San Mateo County,74,Below 10,4.44
FIPS_06083,CA,Santa Barbara County,70.6,Below 10,6.76
FIPS_06085,CA,Santa Clara County,72.5,Below 10,4.18
FIPS_06087,CA,Santa Cruz County,74.5,Below 10,6.94
FIPS_06089,CA,Shasta County,68.3,Above 17,17.14
FIPS_06093,CA,Siskiyou County,69.3,Above 17,21.1
FIPS_06097,CA,Sonoma County,75.2,Below 10,6.54
FIPS_06099,CA,Stanislaus County,62.5,Below 10,7.26
FIPS_06103,CA,Tehama County,61.9,Above 17,19.64
FIPS_06105,CA,Trinity County,61,Above 17,39.98
FIPS_06107,CA,Tulare County,56.3,Below 10,9.42
FIPS_06111,CA,Ventura County,74.2,Below 10,6.74
FIPS_06113,CA,Yolo County,65.6,Below 10,5.57
FIPS_08003,CO,Alamosa County,67.9,Above 17,17.01
FIPS_08007,CO,Archuleta County,83.2,Above 17,23.47
FIPS_08013,CO,Boulder County,83.6,Below 10,9.91
FIPS_08015,CO,Chaffee County,82.7,Above 17,24.06
FIPS_08019,CO,Clear Creek County,83,Above 17,29.23
FIPS_08021,CO,Conejos County,72.9,Above 17,39.16
FIPS_08029,CO,Delta County,80.5,Above 17,31.13
FIPS_08035,CO,Douglas County,94.7,Below 10,9.08
FIPS_08037,CO,Eagle County,76.9,Below 10,9.5
FIPS_08041,CO,El Paso County,72.9,Above 17,20.56
FIPS_08043,CO,Fremont County,64.7,Above 17,26.81
FIPS_08051,CO,Gunnison County,80.7,Above 17,22.18
FIPS_08055,CO,Huerfano County,78.1,Above 17,44.11
FIPS_08067,CO,La Plata County,79.1,Above 17,21.76
FIPS_08071,CO,Las Animas County,70,Above 17,36.23
FIPS_08077,CO,Mesa County,77.6,Above 17,21.32
FIPS_08081,CO,Moffat County,76,Above 17,22.78
FIPS_08083,CO,Montezuma County,77.3,Above 17,25.78
FIPS_08085,CO,Montrose County,78.1,Above 17,23.16
FIPS_08089,CO,Otero County,70.8,Above 17,17.48
FIPS_08093,CO,Park County,79.7,Above 17,40.47
FIPS_08101,CO,Pueblo County,69.5,Above 17,22.93
FIPS_08105,CO,Rio Grande County,77.1,Above 17,19.44
FIPS_08107,CO,Routt County,83.1,Below 10,9.46
FIPS_08117,CO,Summit County,77.5,Below 10,9.77
FIPS_08119,CO,Teller County,82.9,Above 17,26.47
FIPS_09001,CT,Fairfield County,74.1,Below 10,4.36
FIPS_09003,CT,Hartford County,68.8,Below 10,5.24
FIPS_09005,CT,Litchfield County,75.3,Below 10,6.62
FIPS_09007,CT,Middlesex County,76.7,Below 10,5.29
FIPS_09009,CT,New Haven County,65.7,Below 10,6.05
FIPS_09011,CT,New London County,67.7,Below 10,5.54
FIPS_09013,CT,Tolland County,67.4,Below 10,6.23
FIPS_09015,CT,Windham County,62.9,Below 10,5.49
FIPS_10005,DE,Sussex County,72.2,Below 10,9.73
FIPS_11001,DC,District of Columbia,65.2,Above 17,18.31
FIPS_12001,FL,Alachua County,69,Below 10,9.85
FIPS_12003,FL,Baker County,64.6,Above 17,17.44
FIPS_12005,FL,Bay County,68,Above 17,18.36
FIPS_12017,FL,Citrus County,75.5,Above 17,22.03
FIPS_12021,FL,Collier County,77.6,Below 10,9.34
FIPS_12029,FL,Dixie County,60.9,Above 17,17.95
FIPS_12031,FL,Duval County,71,Above 17,21.63
FIPS_12033,FL,Escambia County,69.8,Above 17,17.73
FIPS_12039,FL,Gadsden County,69,Above 17,17.04
FIPS_12041,FL,Gilchrist County,70,Above 17,19.85
FIPS_12047,FL,Hamilton County,51.6,Above 17,19.5
FIPS_12051,FL,Hendry County,53.4,Above 17,17.96
FIPS_12055,FL,Highlands County,64.4,Above 17,20.49
FIPS_12059,FL,Holmes County,58.8,Above 17,17.39
FIPS_12065,FL,Jefferson County,72.7,Above 17,18.28
FIPS_12083,FL,Marion County,72,Above 17,19.92
FIPS_12087,FL,Monroe County,84.2,Above 17,18.99
FIPS_12097,FL,Osceola County,71,Below 10,9.63
FIPS_12107,FL,Putnam County,64.9,Above 17,23.83
FIPS_12121,FL,Suwannee County,62.9,Above 17,19.42
FIPS_12123,FL,Taylor County,58.8,Above 17,23.9
FIPS_12129,FL,Wakulla County,71.9,Above 17,18.23
FIPS_12133,FL,Washington County,62.3,Above 17,19.93
FIPS_13003,GA,Atkinson County,60.5,Above 17,24.11
FIPS_13005,GA,Bacon County,58,Above 17,24.97
FIPS_13009,GA,Baldwin County,50.6,Above 17,20.9
FIPS_13017,GA,Ben Hill County,53.3,Above 17,23.71
FIPS_13019,GA,Berrien County,54.1,Above 17,19.74
FIPS_13021,GA,Bibb County,62.2,Above 17,26.29
FIPS_13023,GA,Bleckley County,55.8,Above 17,17.06
FIPS_13025,GA,Brantley County,54.5,Above 17,18.03
FIPS_13033,GA,Burke County,64.7,Above 17,23.08
FIPS_13035,GA,Butts County,61.6,Above 17,20.42
FIPS_13043,GA,Candler County,58.4,Above 17,22.09
FIPS_13049,GA,Charlton County,46.7,Above 17,21.54
FIPS_13051,GA,Chatham County,61,Above 17,20.86
FIPS_13053,GA,Chattahoochee County,19.4,Above 17,20.6
FIPS_13055,GA,Chattooga County,54,Above 17,18.55
FIPS_13063,GA,Clayton County,59.3,Above 17,19.87
FIPS_13069,GA,Coffee County,49.2,Above 17,17.62
FIPS_13071,GA,Colquitt County,52.6,Above 17,21.03
FIPS_13075,GA,Cook County,56.1,Above 17,20.89
FIPS_13079,GA,Crawford County,62.6,Above 17,27.61
FIPS_13081,GA,Crisp County,47.5,Above 17,28.45
FIPS_13085,GA,Dawson County,80.2,Above 17,22.96
FIPS_13087,GA,Decatur County,59.4,Above 17,21.81
FIPS_13089,GA,DeKalb County,71,Above 17,18.53
FIPS_13091,GA,Dodge County,48.8,Above 17,19.41
FIPS_13093,GA,Dooly County,37.9,Above 17,20.66
FIPS_13095,GA,Dougherty County,53.2,Above 17,23.36
FIPS_13107,GA,Emanuel County,57.5,Above 17,18.6
FIPS_13109,GA,Evans County,57,Above 17,18.71
FIPS_13111,GA,Fannin County,69.5,Above 17,22.5
FIPS_13115,GA,Floyd County,59,Above 17,17.58
FIPS_13117,GA,Forsyth County,85.9,Below 10,7.28
FIPS_13119,GA,Franklin County,61.2,Above 17,27.82
FIPS_13121,GA,Fulton County,69.7,Above 17,18
FIPS_13123,GA,Gilmer County,69,Above 17,27.82
FIPS_13127,GA,Glynn County,65.3,Above 17,17.85
FIPS_13131,GA,Grady County,61.6,Above 17,19.43
FIPS_13133,GA,Greene County,80.3,Above 17,21.31
FIPS_13143,GA,Haralson County,63.6,Above 17,21.62
FIPS_13151,GA,Henry County,74.2,Above 17,17.54
FIPS_13159,GA,Jasper County,72.4,Above 17,21.32
FIPS_13169,GA,Jones County,68.5,Above 17,21.64
FIPS_13175,GA,Laurens County,64.3,Above 17,21.5
FIPS_13177,GA,Lee County,77,Above 17,22.18
FIPS_13179,GA,Liberty County,49.7,Above 17,19.04
FIPS_13187,GA,Lumpkin County,58.6,Above 17,29.08
FIPS_13189,GA,McDuffie County,66.1,Above 17,26.17
FIPS_13193,GA,Macon County,44.5,Above 17,19.83
FIPS_13195,GA,Madison County,66.9,Above 17,19.58
FIPS_13199,GA,Meriwether County,65.9,Above 17,21.8
FIPS_13205,GA,Mitchell County,53.6,Above 17,19.93
FIPS_13207,GA,Monroe County,72.8,Above 17,28.35
FIPS_13211,GA,Morgan County,81.6,Above 17,19.08
FIPS_13213,GA,Murray County,55,Below 10,9.04
FIPS_13215,GA,Muscogee County,56.3,Above 17,26.28
FIPS_13217,GA,Newton County,69.3,Above 17,21.83
FIPS_13221,GA,Oglethorpe County,69.9,Above 17,18.54
FIPS_13227,GA,Pickens County,67.9,Above 17,19.36
FIPS_13229,GA,Pierce County,63.7,Above 17,17.55
FIPS_13233,GA,Polk County,58.9,Above 17,25.5
FIPS_13235,GA,Pulaski County,44.4,Above 17,19.7
FIPS_13241,GA,Rabun County,71.4,Above 17,20.13
FIPS_13245,GA,Richmond County,56.9,Above 17,21.79
FIPS_13247,GA,Rockdale County,69,Above 17,18.14
FIPS_13251,GA,Screven County,60.2,Above 17,25.75
FIPS_13255,GA,Spalding County,60.6,Above 17,20.58
FIPS_13257,GA,Stephens County,59.6,Above 17,19.27
FIPS_13261,GA,Sumter County,55,Above 17,20.16
FIPS_13271,GA,Telfair County,37.1,Above 17,17.62
FIPS_13275,GA,Thomas County,65.6,Below 10,8.06
FIPS_13279,GA,Toombs County,57.9,Above 17,22.24
FIPS_13285,GA,Troup County,58.4,Above 17,21.43
FIPS_13291,GA,Union County,78.2,Above 17,24.12
FIPS_13311,GA,White County,61.1,Above 17,18.64
FIPS_13317,GA,Wilkes County,66.9,Above 17,20.39
FIPS_13319,GA,Wilkinson County,70.8,Above 17,24.52
FIPS_13321,GA,Worth County,59.2,Above 17,25.54
FIPS_15001,HI,Hawaii County,60.2,Below 10,7.37
FIPS_15003,HI,Honolulu County,54.2,Below 10,3.04
FIPS_15007,HI,Kauai County,64.8,Below 10,5.55
FIPS_15009,HI,Maui County,60.4,Below 10,3.96
FIPS_16005,ID,Bannock County,63.4,Above 17,18.92
FIPS_16009,ID,Benewah County,69.9,Above 17,23.79
FIPS_16015,ID,Boise County,76.8,Above 17,31.63
FIPS_16017,ID,Bonner County,77.2,Above 17,24.62
FIPS_16019,ID,Bonneville County,69.3,Above 17,17.61
FIPS_16021,ID,Boundary County,69.2,Above 17,19.85
FIPS_16029,ID,Caribou County,71.2,Above 17,31.2
FIPS_16035,ID,Clearwater County,62.5,Above 17,36.86
FIPS_16039,ID,Elmore County,53.9,Above 17,17.03
FIPS_16041,ID,Franklin County,72.9,Above 17,17.45
FIPS_16045,ID,Gem County,75.7,Above 17,25.84
FIPS_16047,ID,Gooding County,62.8,Above 17,20.97
FIPS_16049,ID,Idaho County,72.4,Above 17,27.87
FIPS_16053,ID,Jerome County,57.7,Above 17,18.39
FIPS_16059,ID,Lemhi County,73.9,Above 17,35.32
FIPS_16065,ID,Madison County,61.3,Below 10,6.58
FIPS_16069,ID,Nez Perce County,66.2,Above 17,19.77
FIPS_16073,ID,Owyhee County,60.2,Above 17,22.16
FIPS_16075,ID,Payette County,68.4,Above 17,20.25
FIPS_16079,ID,Shoshone County,60.2,Above 17,23.59
FIPS_16085,ID,Valley County,76.9,Above 17,19.85
FIPS_17007,IL,Boone County,66.9,Below 10,6.37
FIPS_17011,IL,Bureau County,69.1,Below 10,7.9
FIPS_17019,IL,Champaign County,61.7,Below 10,7.64
FIPS_17027,IL,Clinton County,65.5,Below 10,6.38
FIPS_17029,IL,Coles County,54.7,Below 10,6.64
FIPS_17037,IL,DeKalb County,61.2,Below 10,7.27
FIPS_17043,IL,DuPage County,74.7,Below 10,4.65
FIPS_17063,IL,Grundy County,71.8,Below 10,7.09
FIPS_17073,IL,Henry County,67.9,Below 10,6.53
FIPS_17081,IL,Jefferson County,59.6,Below 10,6.86
FIPS_17089,IL,Kane County,66.2,Below 10,5.78
FIPS_17093,IL,Kendall County,74.7,Below 10,5.95
FIPS_17095,IL,Knox County,59.3,Below 10,7.19
FIPS_17097,IL,Lake County,70.7,Below 10,5.6
FIPS_17099,IL,La Salle County,64,Below 10,6.41
FIPS_17105,IL,Livingston County,62,Below 10,7.78
FIPS_17107,IL,Logan County,57.7,Below 10,7.6
FIPS_17109,IL,McDonough County,50,Below 10,6.63
FIPS_17111,IL,McHenry County,73.4,Below 10,4.81
FIPS_17113,IL,McLean County,67.5,Below 10,7.67
FIPS_17133,IL,Monroe County,79.2,Below 10,8.73
FIPS_17137,IL,Morgan County,56.3,Below 10,8.28
FIPS_17141,IL,Ogle County,68.5,Below 10,6.29
FIPS_17157,IL,Randolph County,58.4,Below 10,6.24
FIPS_17161,IL,Rock Island County,63.4,Below 10,9.08
FIPS_17163,IL,St. Clair County,65.3,Above 17,22.93
FIPS_17173,IL,Shelby County,71.6,Below 10,9.25
FIPS_17177,IL,Stephenson County,63.4,Below 10,8.94
FIPS_17179,IL,Tazewell County,68.1,Below 10,7.54
FIPS_17195,IL,Whiteside County,64.6,Below 10,7.91
FIPS_17197,IL,Will County,71.2,Below 10,7.7
FIPS_17203,IL,Woodford County,73.9,Below 10,7.78
FIPS_18001,IN,Adams County,58.8,Below 10,5.62
FIPS_18031,IN,Decatur County,61.8,Below 10,7.5
FIPS_18033,IN,De Kalb County,60.3,Below 10,9.72
FIPS_18041,IN,Fayette County,56.7,Below 10,9.52
FIPS_18049,IN,Fulton County,61.4,Below 10,9.97
FIPS_18057,IN,Hamilton County,84.5,Below 10,7.5
FIPS_18061,IN,Harrison County,65.4,Above 17,17.39
FIPS_18069,IN,Huntington County,63.2,Below 10,9.35
FIPS_18075,IN,Jay County,55,Below 10,9.65
FIPS_18079,IN,Jennings County,58.2,Above 17,20.25
FIPS_18085,IN,Kosciusko County,61.9,Below 10,9.59
FIPS_18087,IN,Lagrange County,40.5,Below 10,6.58
FIPS_18089,IN,Lake County,61.4,Above 17,22.6
FIPS_18097,IN,Marion County,58.4,Above 17,25.75
FIPS_18105,IN,Monroe County,54.4,Below 10,8.42
FIPS_18119,IN,Owen County,60.4,Above 17,19.2
FIPS_18131,IN,Pulaski County,60.4,Above 17,20.83
FIPS_18135,IN,Randolph County,59.3,Below 10,8.89
FIPS_18149,IN,Starke County,58.9,Above 17,17.41
FIPS_18157,IN,Tippecanoe County,52,Below 10,9.55
FIPS_18159,IN,Tipton County,68.5,Above 17,25.06
FIPS_18163,IN,Vanderburgh County,55.7,Above 17,18.06
FIPS_18175,IN,Washington County,56.5,Above 17,22.91
FIPS_18177,IN,Wayne County,54.7,Above 17,19.98
FIPS_18179,IN,Wells County,67.3,Below 10,8.54
FIPS_18183,IN,Whitley County,67.6,Below 10,8.84
FIPS_19013,IA,Black Hawk County,67.5,Below 10,9.55
FIPS_19015,IA,Boone County,74.7,Below 10,7.58
FIPS_19017,IA,Bremer County,75.6,Below 10,8
FIPS_19033,IA,Cerro Gordo County,71.1,Below 10,8.44
FIPS_19041,IA,Clay County,72.6,Above 17,17.36
FIPS_19049,IA,Dallas County,90.2,Below 10,6.19
FIPS_19057,IA,Des Moines County,66.8,Above 17,18.37
FIPS_19061,IA,Dubuque County,73.1,Below 10,6.38
FIPS_19103,IA,Johnson County,76.1,Below 10,5.72
FIPS_19127,IA,Marshall County,67.7,Below 10,7.02
FIPS_19139,IA,Muscatine County,67.5,Below 10,8.89
FIPS_19167,IA,Sioux County,78.8,Below 10,5.73
FIPS_19169,IA,Story County,68.5,Below 10,5.33
FIPS_19181,IA,Warren County,81.5,Below 10,8.25
FIPS_19193,IA,Woodbury County,63.3,Below 10,9.14
FIPS_20001,KS,Allen County,62,Above 17,17.62
FIPS_20015,KS,Butler County,66.3,Above 17,17.04
FIPS_20021,KS,Cherokee County,60.2,Above 17,22
FIPS_20035,KS,Cowley County,54.2,Above 17,17.06
FIPS_20045,KS,Douglas County,63.2,Below 10,8.08
FIPS_20057,KS,Ford County,49.7,Below 10,7.69
FIPS_20061,KS,Geary County,43.3,Above 17,24.71
FIPS_20087,KS,Jefferson County,67.1,Above 17,27.38
FIPS_20091,KS,Johnson County,81.1,Below 10,9.09
FIPS_20099,KS,Labette County,56.6,Above 17,19.05
FIPS_20107,KS,Linn County,67.1,Above 17,20.66
FIPS_20113,KS,McPherson County,65.8,Below 10,9.79
FIPS_20125,KS,Montgomery County,55.3,Above 17,21.15
FIPS_20139,KS,Osage County,66.4,Above 17,17.66
FIPS_20159,KS,Rice County,60.5,Above 17,27.13
FIPS_20161,KS,Riley County,43,Below 10,8.68
FIPS_20173,KS,Sedgwick County,62,Above 17,17.75
FIPS_20177,KS,Shawnee County,65.1,Above 17,20.64
FIPS_20205,KS,Wilson County,60.3,Above 17,25.61
FIPS_20209,KS,Wyandotte County,56.4,Above 17,30.42
FIPS_21003,KY,Allen County,58.8,Above 17,24.69
FIPS_21009,KY,Barren County,60.7,Above 17,18.59
FIPS_21011,KY,Bath County,61.1,Above 17,19.33
FIPS_21015,KY,Boone County,71.3,Below 10,9.4
FIPS_21023,KY,Bracken County,67.2,Above 17,24.1
FIPS_21025,KY,Breathitt County,55.8,Above 17,26.51
FIPS_21029,KY,Bullitt County,67,Above 17,17.07
FIPS_21031,KY,Butler County,63.6,Above 17,20.3
FIPS_21033,KY,Caldwell County,65.9,Above 17,17.36
FIPS_21035,KY,Calloway County,55.9,Above 17,17.97
FIPS_21037,KY,Campbell County,66.8,Below 10,9.24
FIPS_21043,KY,Carter County,56.2,Below 10,9.66
FIPS_21045,KY,Casey County,58.9,Above 17,22.59
FIPS_21047,KY,Christian County,46.6,Above 17,20.2
FIPS_21051,KY,Clay County,48.2,Above 17,21.83
FIPS_21059,KY,Daviess County,66,Above 17,17.64
FIPS_21065,KY,Estill County,58.8,Above 17,23.94
FIPS_21071,KY,Floyd County,58.3,Above 17,17.8
FIPS_21073,KY,Franklin County,67.2,Above 17,17.72
FIPS_21079,KY,Garrard County,64.5,Above 17,21.65
FIPS_21083,KY,Graves County,61.6,Above 17,20.46
FIPS_21085,KY,Grayson County,60.4,Above 17,22.77
FIPS_21087,KY,Green County,67.7,Above 17,19.96
FIPS_21089,KY,Greenup County,65.7,Above 17,18.68
FIPS_21091,KY,Hancock County,69.8,Above 17,22.81
FIPS_21095,KY,Harlan County,54.3,Above 17,18.96
FIPS_21101,KY,Henderson County,59.4,Above 17,17.13
FIPS_21107,KY,Hopkins County,62.4,Above 17,19.48
FIPS_21109,KY,Jackson County,58.9,Above 17,37.36
FIPS_21111,KY,Jefferson County,67.8,Above 17,22.99
FIPS_21115,KY,Johnson County,59,Above 17,24.08
FIPS_21119,KY,Knott County,52.2,Above 17,31.88
FIPS_21123,KY,Larue County,67.9,Above 17,19.6
FIPS_21125,KY,Laurel County,60.4,Above 17,20.45
FIPS_21129,KY,Lee County,47.5,Above 17,34.43
FIPS_21131,KY,Leslie County,60.5,Above 17,37.6
FIPS_21133,KY,Letcher County,53.2,Above 17,25.51
FIPS_21135,KY,Lewis County,56.9,Above 17,19.53
FIPS_21141,KY,Logan County,60.3,Below 10,8.88
FIPS_21143,KY,Lyon County,60.7,Above 17,32.1
FIPS_21145,KY,McCracken County,66.1,Above 17,17.13
FIPS_21155,KY,Marion County,62,Above 17,18.64
FIPS_21169,KY,Metcalfe County,65.2,Above 17,19.89
FIPS_21177,KY,Muhlenberg County,58.7,Above 17,20.17
FIPS_21179,KY,Nelson County,66.7,Above 17,18.28
FIPS_21185,KY,Oldham County,78,Below 10,8.43
FIPS_21187,KY,Owen County,64.8,Above 17,18.45
FIPS_21189,KY,Owsley County,53.1,Above 17,45.16
FIPS_21193,KY,Perry County,53.1,Above 17,18.29
FIPS_21195,KY,Pike County,54.7,Above 17,18.79
FIPS_21203,KY,Rockcastle County,59.4,Above 17,21.49
FIPS_21207,KY,Russell County,65.8,Above 17,26.89
FIPS_21211,KY,Shelby County,66.8,Above 17,17.01
FIPS_21219,KY,Todd County,60.7,Above 17,22.73
FIPS_21223,KY,Trimble County,66.4,Above 17,30.48
FIPS_21225,KY,Union County,55.8,Above 17,23.33
FIPS_21231,KY,Wayne County,58.2,Above 17,26.42
FIPS_21233,KY,Webster County,62,Above 17,24.5
FIPS_21235,KY,Whitley County,57.1,Above 17,24.83
FIPS_21237,KY,Wolfe County,54.1,Above 17,30.67
FIPS_22001,LA,Acadia Parish,62.1,Above 17,21.52
FIPS_22003,LA,Allen Parish,52.5,Above 17,17.97
FIPS_22007,LA,Assumption Parish,65,Below 10,9.91
FIPS_22009,LA,Avoyelles Parish,56.1,Above 17,25.66
FIPS_22013,LA,Bienville Parish,68.5,Above 17,17.9
FIPS_22017,LA,Caddo Parish,57.4,Above 17,30.59
FIPS_22019,LA,Calcasieu Parish,55.4,Above 17,17.47
FIPS_22021,LA,Caldwell Parish,62.2,Above 17,28.14
FIPS_22027,LA,Claiborne Parish,50.8,Above 17,25.25
FIPS_22029,LA,Concordia Parish,60.4,Above 17,27.68
FIPS_22031,LA,De Soto Parish,71,Above 17,22.62
FIPS_22033,LA,East Baton Rouge Parish,63.2,Above 17,29
FIPS_22037,LA,East Feliciana Parish,66.7,Above 17,26.97
FIPS_22039,LA,Evangeline Parish,63.9,Above 17,22.68
FIPS_22041,LA,Franklin Parish,65,Above 17,17.91
FIPS_22045,LA,Iberia Parish,63.8,Above 17,20.83
FIPS_22051,LA,Jefferson Parish,62.5,Above 17,20.83
FIPS_22053,LA,Jefferson Davis Parish,63.7,Above 17,21.65
FIPS_22055,LA,Lafayette Parish,63.5,Above 17,18.48
FIPS_22057,LA,Lafourche Parish,61.6,Above 17,17.55
FIPS_22063,LA,Livingston Parish,63.7,Above 17,17.08
FIPS_22065,LA,Madison Parish,55.6,Above 17,30.58
FIPS_22067,LA,Morehouse Parish,60.7,Above 17,28.52
FIPS_22069,LA,Natchitoches Parish,56.3,Above 17,26.99
FIPS_22071,LA,Orleans Parish,58.7,Above 17,38.66
FIPS_22073,LA,Ouachita Parish,60.2,Above 17,22.25
FIPS_22077,LA,Pointe Coupee Parish,73,Above 17,19.16
FIPS_22079,LA,Rapides Parish,61,Above 17,21.44
FIPS_22081,LA,Red River Parish,64,Above 17,23.65
FIPS_22085,LA,Sabine Parish,58.1,Above 17,24.22
FIPS_22087,LA,St. Bernard Parish,53.3,Above 17,17.13
FIPS_22091,LA,St. Helena Parish,77.8,Above 17,31.16
FIPS_22093,LA,St. James Parish,77.6,Above 17,23.63
FIPS_22095,LA,St. John the Baptist Parish,67.4,Above 17,24.58
FIPS_22097,LA,St. Landry Parish,68.4,Above 17,28.04
FIPS_22099,LA,St. Martin Parish,67.4,Above 17,19.39
FIPS_22101,LA,St. Mary Parish,62.9,Above 17,19.96
FIPS_22105,LA,Tangipahoa Parish,58.2,Above 17,20.34
FIPS_22109,LA,Terrebonne Parish,57,Above 17,17.43
FIPS_22111,LA,Union Parish,65.7,Above 17,19.7
FIPS_22117,LA,Washington Parish,55.8,Above 17,19.01
FIPS_22119,LA,Webster Parish,61,Above 17,23.18
FIPS_22121,LA,West Baton Rouge Parish,70.5,Above 17,18.98
FIPS_22123,LA,West Carroll Parish,60,Above 17,18.33
FIPS_22127,LA,Winn Parish,55.9,Above 17,18.42
FIPS_23005,ME,Cumberland County,84.1,Below 10,7.07
FIPS_23007,ME,Franklin County,72.2,Above 17,17.33
FIPS_23021,ME,Piscataquis County,72.2,Above 17,17.82
FIPS_23025,ME,Somerset County,68.6,Above 17,20.53
FIPS_23029,ME,Washington County,70.6,Above 17,17.16
FIPS_23031,ME,York County,79.6,Below 10,9.42
FIPS_24003,MD,Anne Arundel County,72.4,Below 10,7.78
FIPS_24009,MD,Calvert County,70.2,Below 10,6.52
FIPS_24013,MD,Carroll County,77.8,Below 10,6.66
FIPS_24021,MD,Frederick County,78.5,Below 10,6.41
FIPS_24027,MD,Howard County,82.8,Below 10,4.46
FIPS_24031,MD,Montgomery County,79.2,Below 10,3.58
FIPS_24035,MD,Queen Anne's County,78.7,Below 10,8.78
FIPS_24037,MD,St. Mary's County,66.9,Below 10,9.01
FIPS_24041,MD,Talbot County,77.7,Below 10,7.01
FIPS_24047,MD,Worcester County,76.2,Below 10,8.86
FIPS_24510,MD,Baltimore city,52.4,Above 17,43.68
FIPS_25001,MA,Barnstable County,87.1,Below 10,3.65
FIPS_25003,MA,Berkshire County,70.2,Below 10,5.88
FIPS_25005,MA,Bristol County,66.3,Below 10,4.37
FIPS_25009,MA,Essex County,74.7,Below 10,3.48
FIPS_25011,MA,Franklin County,75.4,Below 10,4.26
FIPS_25013,MA,Hampden County,62.5,Below 10,7.74
FIPS_25015,MA,Hampshire County,67.4,Below 10,3.96
FIPS_25017,MA,Middlesex County,76.7,Below 10,1.89
FIPS_25021,MA,Norfolk County,80.6,Below 10,2.05
FIPS_25023,MA,Plymouth County,77.9,Below 10,3.47
FIPS_25025,MA,Suffolk County,60.8,Below 10,6.11
FIPS_25027,MA,Worcester County,71.2,Below 10,3.51
FIPS_26001,MI,Alcona County,78.4,Above 17,28.86
FIPS_26005,MI,Allegan County,77.4,Below 10,9.04
FIPS_26007,MI,Alpena County,74.1,Below 10,9.14
FIPS_26011,MI,Arenac County,72.1,Above 17,17.32
FIPS_26033,MI,Chippewa County,58.8,Below 10,9.08
FIPS_26039,MI,Crawford County,69.7,Above 17,17.25
FIPS_26049,MI,Genesee County,71.1,Above 17,19.38
FIPS_26051,MI,Gladwin County,71.5,Above 17,17.38
FIPS_26055,MI,Grand Traverse County,82.4,Below 10,8.42
FIPS_26057,MI,Gratiot County,58.9,Below 10,5.89
FIPS_26061,MI,Houghton County,67.3,Below 10,9.45
FIPS_26067,MI,Ionia County,64.9,Below 10,8.39
FIPS_26073,MI,Isabella County,51.6,Below 10,7.38
FIPS_26081,MI,Kent County,77.4,Below 10,7.55
FIPS_26091,MI,Lenawee County,69.8,Below 10,9.36
FIPS_26093,MI,Livingston County,85.6,Below 10,8.28
FIPS_26101,MI,Manistee County,72.9,Above 17,18.76
FIPS_26107,MI,Mecosta County,59.9,Below 10,9.19
FIPS_26109,MI,Menominee County,67.7,Above 17,20.92
FIPS_26111,MI,Midland County,76.3,Below 10,7.44
FIPS_26119,MI,Montmorency County,74.1,Above 17,28.05
FIPS_26123,MI,Newaygo County,73,Above 17,17.26
FIPS_26125,MI,Oakland County,83.3,Below 10,8.27
FIPS_26127,MI,Oceana County,72.6,Below 10,9.06
FIPS_26129,MI,Ogemaw County,70.3,Above 17,20.05
FIPS_26139,MI,Ottawa County,78.8,Below 10,4.7
FIPS_26145,MI,Saginaw County,69.7,Above 17,17.16
FIPS_26161,MI,Washtenaw County,77.9,Below 10,7.18
FIPS_26163,MI,Wayne County,68.3,Above 17,21.81
FIPS_27003,MN,Anoka County,81.3,Below 10,8.09
FIPS_27013,MN,Blue Earth County,69.3,Below 10,7.13
FIPS_27019,MN,Carver County,90,Below 10,5.8
FIPS_27025,MN,Chisago County,80.9,Below 10,7.52
FIPS_27027,MN,Clay County,68.4,Below 10,6.89
FIPS_27037,MN,Dakota County,85.9,Below 10,6.92
FIPS_27041,MN,Douglas County,81.6,Below 10,8.44
FIPS_27047,MN,Freeborn County,73.9,Below 10,9.21
FIPS_27053,MN,Hennepin County,83.2,Below 10,7.55
FIPS_27059,MN,Isanti County,80.3,Below 10,8.47
FIPS_27067,MN,Kandiyohi County,76,Below 10,5.13
FIPS_27079,MN,Le Sueur County,79,Below 10,7.05
FIPS_27083,MN,Lyon County,70.8,Below 10,9.38
FIPS_27085,MN,McLeod County,77.6,Below 10,6.14
FIPS_27097,MN,Morrison County,78,Below 10,9.06
FIPS_27099,MN,Mower County,71.1,Below 10,7.04
FIPS_27103,MN,Nicollet County,74.1,Below 10,7.04
FIPS_27109,MN,Olmsted County,82.2,Below 10,5.63
FIPS_27123,MN,Ramsey County,76.2,Below 10,8.81
FIPS_27131,MN,Rice County,73.1,Below 10,7.23
FIPS_27135,MN,Roseau County,74.2,Above 17,18.33
FIPS_27139,MN,Scott County,85.5,Below 10,5.02
FIPS_27141,MN,Sherburne County,80.1,Below 10,6.25
FIPS_27145,MN,Stearns County,71.9,Below 10,7.92
FIPS_27153,MN,Todd County,72.8,Below 10,8.96
FIPS_27159,MN,Wadena County,76.7,Above 17,18.93
FIPS_27163,MN,Washington County,87.6,Below 10,6.32
FIPS_27169,MN,Winona County,66.9,Below 10,5.52
FIPS_27171,MN,Wright County,84.9,Below 10,6.31
FIPS_28001,MS,Adams County,61,Above 17,36.27
FIPS_28003,MS,Alcorn County,55.8,Above 17,23.75
FIPS_28005,MS,Amite County,73.7,Above 17,17.82
FIPS_28007,MS,Attala County,64.8,Above 17,25.01
FIPS_28011,MS,Bolivar County,59.3,Above 17,21.69
FIPS_28015,MS,Carroll County,70.5,Above 17,34.01
FIPS_28017,MS,Chickasaw County,64.6,Above 17,23.36
FIPS_28019,MS,Choctaw County,65.8,Above 17,26.78
FIPS_28023,MS,Clarke County,68.8,Above 17,21.75
FIPS_28027,MS,Coahoma County,51.5,Above 17,31.78
FIPS_28029,MS,Copiah County,59.6,Above 17,20.49
FIPS_28031,MS,Covington County,66.2,Above 17,27.47
FIPS_28033,MS,DeSoto County,57.7,Above 17,19.24
FIPS_28035,MS,Forrest County,56,Above 17,23.11
FIPS_28043,MS,Grenada County,69.1,Above 17,32.45
FIPS_28045,MS,Hancock County,56,Above 17,21.96
FIPS_28047,MS,Harrison County,49.4,Above 17,19.48
FIPS_28049,MS,Hinds County,56.7,Above 17,40.76
FIPS_28051,MS,Holmes County,62.6,Above 17,44.78
FIPS_28053,MS,Humphreys County,70.2,Above 17,29.27
FIPS_28061,MS,Jasper County,68.6,Above 17,19.44
FIPS_28065,MS,Jefferson Davis County,69.5,Above 17,32.17
FIPS_28067,MS,Jones County,60.4,Above 17,17.62
FIPS_28075,MS,Lauderdale County,54.8,Above 17,25.99
FIPS_28077,MS,Lawrence County,69.8,Above 17,28.61
FIPS_28079,MS,Leake County,55.4,Above 17,26.4
FIPS_28081,MS,Lee County,59,Above 17,20.64
FIPS_28083,MS,Leflore County,52.8,Above 17,47.91
FIPS_28085,MS,Lincoln County,64.6,Above 17,29.8
FIPS_28087,MS,Lowndes County,61.4,Above 17,20.7
FIPS_28089,MS,Madison County,73,Above 17,17.6
FIPS_28091,MS,Marion County,64.4,Above 17,24.18
FIPS_28093,MS,Marshall County,57.3,Above 17,28.74
FIPS_28095,MS,Monroe County,62.8,Above 17,21.39
FIPS_28097,MS,Montgomery County,66.6,Above 17,34.12
FIPS_28099,MS,Neshoba County,56,Above 17,22.6
FIPS_28101,MS,Newton County,64,Above 17,18.86
FIPS_28103,MS,Noxubee County,67.7,Above 17,24.54
FIPS_28107,MS,Panola County,61.8,Above 17,19.96
FIPS_28109,MS,Pearl River County,56.2,Above 17,17.67
FIPS_28111,MS,Perry County,64.1,Above 17,18.32
FIPS_28113,MS,Pike County,59.9,Above 17,29.44
FIPS_28117,MS,Prentiss County,55.7,Above 17,17.46
FIPS_28123,MS,Scott County,54.8,Above 17,20.55
FIPS_28127,MS,Simpson County,57.8,Above 17,21.66
FIPS_28129,MS,Smith County,68.5,Above 17,28.86
FIPS_28131,MS,Stone County,55.2,Above 17,17.48
FIPS_28133,MS,Sunflower County,48.3,Above 17,32.82
FIPS_28135,MS,Tallahatchie County,51.4,Above 17,18.57
FIPS_28137,MS,Tate County,60.5,Above 17,20.39
FIPS_28139,MS,Tippah County,61.4,Above 17,25.47
FIPS_28141,MS,Tishomingo County,61.2,Above 17,27.79
FIPS_28143,MS,Tunica County,51.5,Above 17,32.5
FIPS_28145,MS,Union County,60.8,Above 17,17.46
FIPS_28149,MS,Warren County,60.7,Above 17,26.49
FIPS_28151,MS,Washington County,54,Above 17,39.95
FIPS_28153,MS,Wayne County,66.5,Above 17,23.59
FIPS_28155,MS,Webster County,72.7,Above 17,24.65
FIPS_28157,MS,Wilkinson County,60,Above 17,45.85
FIPS_28159,MS,Winston County,66,Above 17,17.7
FIPS_28161,MS,Yalobusha County,68.6,Above 17,21.16
FIPS_28163,MS,Yazoo County,50.1,Above 17,28.01
FIPS_29015,MO,Benton County,66,Above 17,30.13
FIPS_29017,MO,Bollinger County,62.7,Above 17,21.39
FIPS_29023,MO,Butler County,56.2,Above 17,20.69
FIPS_29029,MO,Camden County,66.6,Above 17,17.06
FIPS_29031,MO,Cape Girardeau County,66.5,Above 17,18.01
FIPS_29037,MO,Cass County,72.9,Above 17,21.56
FIPS_29039,MO,Cedar County,66.3,Above 17,21.15
FIPS_29049,MO,Clinton County,69.8,Above 17,19.5
FIPS_29055,MO,Crawford County,59.5,Above 17,23.33
FIPS_29059,MO,Dallas County,63.8,Above 17,19.05
FIPS_29061,MO,Daviess County,63.8,Above 17,24.13
FIPS_29067,MO,Douglas County,67.8,Above 17,31.55
FIPS_29069,MO,Dunklin County,48.7,Above 17,22.96
FIPS_29071,MO,Franklin County,67.9,Above 17,17.37
FIPS_29073,MO,Gasconade County,68.2,Above 17,20.41
FIPS_29081,MO,Harrison County,60.8,Above 17,23.72
FIPS_29083,MO,Henry County,64.2,Above 17,21.1
FIPS_29089,MO,Howard County,64.9,Above 17,25.83
FIPS_29091,MO,Howell County,61.6,Above 17,24.41
FIPS_29093,MO,Iron County,57.1,Above 17,19.74
FIPS_29095,MO,Jackson County,38.1,Above 17,32.06
FIPS_29097,MO,Jasper County,60,Above 17,17.41
FIPS_29099,MO,Jefferson County,68.1,Above 17,19.22
FIPS_29105,MO,Laclede County,62.8,Above 17,19.63
FIPS_29115,MO,Linn County,62.6,Above 17,29.93
FIPS_29117,MO,Livingston County,57.7,Above 17,19.95
FIPS_29121,MO,Macon County,67.9,Above 17,29.03
FIPS_29123,MO,Madison County,60.9,Above 17,18.01
FIPS_29133,MO,Mississippi County,45.7,Above 17,28.53
FIPS_29139,MO,Montgomery County,65.6,Above 17,27.86
FIPS_29143,MO,New Madrid County,54.9,Above 17,26.57
FIPS_29147,MO,Nodaway County,53.8,Below 10,9.88
FIPS_29149,MO,Oregon County,58.1,Above 17,22.72
FIPS_29151,MO,Osage County,71.9,Above 17,23.46
FIPS_29153,MO,Ozark County,65.9,Above 17,21.88
FIPS_29155,MO,Pemiscot County,47.6,Above 17,34.32
FIPS_29163,MO,Pike County,54.9,Above 17,19.7
FIPS_29181,MO,Ripley County,54.9,Above 17,22.27
FIPS_29185,MO,St. Clair County,65.9,Above 17,21.22
FIPS_29189,MO,St. Louis County,71.8,Above 17,22.05
FIPS_29201,MO,Scott County,60.8,Above 17,17.16
FIPS_29207,MO,Stoddard County,58.8,Above 17,17.1
FIPS_29209,MO,Stone County,70,Above 17,26.43
FIPS_29221,MO,Washington County,52.6,Above 17,21.75
FIPS_29223,MO,Wayne County,56.5,Above 17,29.14
FIPS_29225,MO,Webster County,66.3,Above 17,18.94
FIPS_29229,MO,Wright County,64.5,Above 17,17.47
FIPS_29510,MO,St. Louis city,56.7,Above 17,53.71
FIPS_30003,MT,Big Horn County,54.5,Above 17,28.6
FIPS_30009,MT,Carbon County,80.6,Above 17,28.03
FIPS_30013,MT,Cascade County,63.6,Above 17,20.35
FIPS_30023,MT,Deer Lodge County,62.8,Above 17,35.04
FIPS_30027,MT,Fergus County,74.3,Above 17,26.8
FIPS_30029,MT,Flathead County,75.9,Above 17,19.03
FIPS_30035,MT,Glacier County,60.4,Above 17,23.38
FIPS_30043,MT,Jefferson County,86.3,Above 17,23.17
FIPS_30047,MT,Lake County,72.6,Above 17,23.07
FIPS_30049,MT,Lewis and Clark County,78.9,Above 17,20.38
FIPS_30053,MT,Lincoln County,73.3,Above 17,27.32
FIPS_30063,MT,Missoula County,75.1,Above 17,18.03
FIPS_30067,MT,Park County,85.7,Above 17,23.01
FIPS_30081,MT,Ravalli County,81.6,Above 17,28.16
FIPS_30083,MT,Richland County,71.6,Above 17,27.13
FIPS_30085,MT,Roosevelt County,55,Above 17,21.65
FIPS_30087,MT,Rosebud County,58.3,Above 17,24.24
FIPS_30089,MT,Sanders County,79,Above 17,28.64
FIPS_30093,MT,Silver Bow County,67.9,Above 17,25.25
FIPS_30111,MT,Yellowstone County,69,Above 17,18.96
FIPS_31019,NE,Buffalo County,64.1,Below 10,7.65
FIPS_31025,NE,Cass County,77.9,Below 10,9.98
FIPS_31033,NE,Cheyenne County,66.4,Above 17,27.63
FIPS_31041,NE,Custer County,73.9,Above 17,27.81
FIPS_31053,NE,Dodge County,64.7,Below 10,8.19
FIPS_31079,NE,Hall County,61.8,Below 10,6.84
FIPS_31109,NE,Lancaster County,67.3,Below 10,8.03
FIPS_31141,NE,Platte County,68.9,Below 10,9.02
FIPS_31153,NE,Sarpy County,74,Below 10,7.49
FIPS_32001,NV,Churchill County,71.1,Above 17,22.74
FIPS_32005,NV,Douglas County,87.1,Above 17,21.01
FIPS_32007,NV,Elko County,60.4,Above 17,30.41
FIPS_32013,NV,Humboldt County,67.7,Above 17,29.67
FIPS_32019,NV,Lyon County,72.3,Above 17,26.53
FIPS_32023,NV,Nye County,71.2,Above 17,31.2
FIPS_32033,NV,White Pine County,58.7,Above 17,20.92
FIPS_32510,NV,Carson City,73.7,Above 17,18.06
FIPS_33015,NH,Rockingham County,81.6,Below 10,8.18
FIPS_33017,NH,Strafford County,71.4,Below 10,8.33
FIPS_34001,NJ,Atlantic County,73.2,Below 10,8.93
FIPS_34003,NJ,Bergen County,77.3,Below 10,1.98
FIPS_34005,NJ,Burlington County,77.1,Below 10,5.55
FIPS_34007,NJ,Camden County,71.4,Below 10,7.99
FIPS_34009,NJ,Cape May County,77.4,Below 10,4.52
FIPS_34011,NJ,Cumberland County,59.2,Below 10,9.15
FIPS_34015,NJ,Gloucester County,77.5,Below 10,4.72
FIPS_34017,NJ,Hudson County,62.5,Below 10,3.66
FIPS_34019,NJ,Hunterdon County,87.6,Below 10,5.61
FIPS_34021,NJ,Mercer County,70.4,Below 10,8.22
FIPS_34023,NJ,Middlesex County,68.7,Below 10,2.6
FIPS_34025,NJ,Monmouth County,81.9,Below 10,3.21
FIPS_34027,NJ,Morris County,84.4,Below 10,2.3
FIPS_34029,NJ,Ocean County,77.2,Below 10,3.65
FIPS_34031,NJ,Passaic County,70.3,Below 10,5.03
FIPS_34035,NJ,Somerset County,81.4,Below 10,2.71
FIPS_34037,NJ,Sussex County,79.8,Below 10,4.54
FIPS_34039,NJ,Union County,71.4,Below 10,3.87
FIPS_34041,NJ,Warren County,74.4,Below 10,4.72
FIPS_35001,NM,Bernalillo County,63.7,Above 17,22.49
FIPS_35003,NM,Catron County,77.4,Above 17,56.11
FIPS_35005,NM,Chaves County,51.2,Above 17,25.91
FIPS_35006,NM,Cibola County,44.7,Above 17,17.15
FIPS_35007,NM,Colfax County,62,Above 17,26.49
FIPS_35015,NM,Eddy County,57.6,Above 17,30.75
FIPS_35017,NM,Grant County,67.1,Above 17,29.86
FIPS_35025,NM,Lea County,50.6,Above 17,18.52
FIPS_35027,NM,Lincoln County,66.9,Above 17,35.75
FIPS_35029,NM,Luna County,52.7,Above 17,33.3
FIPS_35035,NM,Otero County,49.4,Above 17,25.49
FIPS_35037,NM,Quay County,61.5,Above 17,50.76
FIPS_35041,NM,Roosevelt County,52,Above 17,22.45
FIPS_35043,NM,Sandoval County,70.5,Above 17,17.78
FIPS_35045,NM,San Juan County,57.9,Above 17,19.7
FIPS_35047,NM,San Miguel County,52.6,Above 17,21.09
FIPS_35051,NM,Sierra County,66,Above 17,36.41
FIPS_35055,NM,Taos County,65.4,Above 17,28.05
FIPS_35057,NM,Torrance County,61.3,Above 17,31.03
FIPS_35061,NM,Valencia County,58,Above 17,19.36
FIPS_36001,NY,Albany County,65.6,Below 10,5.73
FIPS_36005,NY,Bronx County,50.5,Below 10,4.63
FIPS_36007,NY,Broome County,62.7,Below 10,5.62
FIPS_36009,NY,Cattaraugus County,59.1,Below 10,9.64
FIPS_36011,NY,Cayuga County,60.2,Below 10,4.67
FIPS_36013,NY,Chautauqua County,59.7,Below 10,8.45
FIPS_36015,NY,Chemung County,61.2,Below 10,6.87
FIPS_36019,NY,Clinton County,55.7,Below 10,5.71
FIPS_36023,NY,Cortland County,57.4,Below 10,4.19
FIPS_36027,NY,Dutchess County,67.6,Below 10,5.78
FIPS_36029,NY,Erie County,67.4,Below 10,7.87
FIPS_36031,NY,Essex County,63.7,Below 10,5.34
FIPS_36033,NY,Franklin County,48.6,Below 10,5.96
FIPS_36035,NY,Fulton County,56.7,Below 10,7.48
FIPS_36037,NY,Genesee County,65.1,Below 10,4.51
FIPS_36039,NY,Greene County,65.3,Below 10,6.76
FIPS_36043,NY,Herkimer County,60.9,Below 10,7.12
FIPS_36045,NY,Jefferson County,53.3,Below 10,7.17
FIPS_36047,NY,Kings County,55.4,Below 10,4.02
FIPS_36049,NY,Lewis County,64.6,Below 10,7.56
FIPS_36051,NY,Livingston County,62.3,Below 10,7.9
FIPS_36053,NY,Madison County,60.6,Below 10,5.08
FIPS_36055,NY,Monroe County,67.7,Below 10,6.96
FIPS_36057,NY,Montgomery County,56.7,Below 10,7.71
FIPS_36059,NY,Nassau County,76,Below 10,2.46
FIPS_36061,NY,New York County,59.1,Below 10,1.74
FIPS_36063,NY,Niagara County,63.5,Below 10,7.71
FIPS_36065,NY,Oneida County,58.4,Below 10,7.58
FIPS_36067,NY,Onondaga County,67.3,Below 10,7.87
FIPS_36069,NY,Ontario County,69.8,Below 10,5.64
FIPS_36071,NY,Orange County,64.8,Below 10,6.06
FIPS_36073,NY,Orleans County,56.9,Below 10,8.86
FIPS_36075,NY,Oswego County,59.7,Below 10,5.94
FIPS_36077,NY,Otsego County,57.2,Below 10,5.7
FIPS_36079,NY,Putnam County,74.7,Below 10,2.63
FIPS_36081,NY,Queens County,56.8,Below 10,2.17
FIPS_36083,NY,Rensselaer County,64.5,Below 10,4.65
FIPS_36085,NY,Richmond County,64.6,Below 10,3.31
FIPS_36087,NY,Rockland County,72.8,Below 10,2.76
FIPS_36089,NY,St. Lawrence County,53.4,Below 10,5.9
FIPS_36091,NY,Saratoga County,74.7,Below 10,4.27
FIPS_36093,NY,Schenectady County,64.6,Below 10,4.64
FIPS_36095,NY,Schoharie County,62.3,Below 10,8.34
FIPS_36099,NY,Seneca County,58,Below 10,6.41
FIPS_36103,NY,Suffolk County,70,Below 10,3.82
FIPS_36105,NY,Sullivan County,62.4,Below 10,9.28
FIPS_36107,NY,Tioga County,66.1,Below 10,7.02
FIPS_36109,NY,Tompkins County,57.5,Below 10,3.3
FIPS_36111,NY,Ulster County,69.3,Below 10,6.5
FIPS_36113,NY,Warren County,70.4,Below 10,7.16
FIPS_36115,NY,Washington County,57.5,Below 10,6.85
FIPS_36117,NY,Wayne County,64.2,Below 10,5.99
FIPS_36119,NY,Westchester County,70,Below 10,3.07
FIPS_36121,NY,Wyoming County,61.1,Below 10,7.97
FIPS_37003,NC,Alexander County,69.7,Above 17,22.46
FIPS_37005,NC,Alleghany County,68.4,Above 17,18.06
FIPS_37007,NC,Anson County,58.3,Above 17,30.68
FIPS_37011,NC,Avery County,64.7,Above 17,17.11
FIPS_37013,NC,Beaufort County,71.9,Above 17,18.24
FIPS_37017,NC,Bladen County,67.3,Above 17,21.08
FIPS_37025,NC,Cabarrus County,78.8,Below 10,9.36
FIPS_37031,NC,Carteret County,75.8,Above 17,17.04
FIPS_37033,NC,Caswell County,66.2,Above 17,22.95
FIPS_37039,NC,Cherokee County,70.2,Above 17,21.12
FIPS_37043,NC,Clay County,76.1,Above 17,17.9
FIPS_37047,NC,Columbus County,61.6,Above 17,26.23
FIPS_37051,NC,Cumberland County,60.4,Above 17,18.69
FIPS_37061,NC,Duplin County,57.5,Below 10,8.83
FIPS_37065,NC,Edgecombe County,64.6,Above 17,23.43
FIPS_37083,NC,Halifax County,65.5,Above 17,25.68
FIPS_37087,NC,Haywood County,73.2,Above 17,17.47
FIPS_37091,NC,Hertford County,56.7,Above 17,25.32
FIPS_37093,NC,Hoke County,57.5,Above 17,19.4
FIPS_37107,NC,Lenoir County,67.2,Above 17,20.58
FIPS_37111,NC,McDowell County,65.6,Above 17,17.16
FIPS_37113,NC,Macon County,74.4,Above 17,18.72
FIPS_37121,NC,Mitchell County,76.7,Above 17,22.65
FIPS_37123,NC,Montgomery County,65.5,Above 17,20.51
FIPS_37127,NC,Nash County,73.6,Above 17,19.95
FIPS_37131,NC,Northampton County,63,Above 17,21.4
FIPS_37135,NC,Orange County,77.8,Below 10,6.44
FIPS_37139,NC,Pasquotank County,65.2,Above 17,17.05
FIPS_37141,NC,Pender County,73.1,Above 17,17.75
FIPS_37145,NC,Person County,71.7,Above 17,23.79
FIPS_37149,NC,Polk County,73.2,Above 17,22.27
FIPS_37153,NC,Richmond County,61.3,Above 17,20.11
FIPS_37155,NC,Robeson County,49.7,Above 17,29.93
FIPS_37157,NC,Rockingham County,67.6,Above 17,17.35
FIPS_37159,NC,Rowan County,70.1,Above 17,18.54
FIPS_37165,NC,Scotland County,55.8,Above 17,25.2
FIPS_37171,NC,Surry County,67.7,Above 17,18.62
FIPS_37173,NC,Swain County,65.4,Above 17,22.43
FIPS_37179,NC,Union County,80.9,Below 10,8.15
FIPS_37181,NC,Vance County,64.3,Above 17,29.24
FIPS_37183,NC,Wake County,83.1,Below 10,6.95
FIPS_37185,NC,Warren County,64.7,Above 17,26.3
FIPS_37189,NC,Watauga County,68.1,Below 10,9.01
FIPS_38017,ND,Cass County,65.2,Below 10,9.22
FIPS_38053,ND,McKenzie County,57.9,Above 17,18.77
FIPS_38057,ND,Mercer County,72.8,Above 17,23.93
FIPS_38079,ND,Rolette County,40,Above 17,26.45
FIPS_38099,ND,Walsh County,60.1,Above 17,18.69
FIPS_39005,OH,Ashland County,64.3,Below 10,8.21
FIPS_39009,OH,Athens County,47.7,Below 10,8.5
FIPS_39023,OH,Clark County,62.3,Above 17,17.72
FIPS_39035,OH,Cuyahoga County,65.7,Above 17,19.57
FIPS_39039,OH,Defiance County,67,Below 10,8.41
FIPS_39041,OH,Delaware County,87.6,Below 10,5.17
FIPS_39045,OH,Fairfield County,71.5,Below 10,8.07
FIPS_39051,OH,Fulton County,71.2,Below 10,7.11
FIPS_39053,OH,Gallia County,60.1,Above 17,18.71
FIPS_39055,OH,Geauga County,78.3,Below 10,8.53
FIPS_39057,OH,Greene County,68,Below 10,9.66
FIPS_39063,OH,Hancock County,67.7,Below 10,9.51
FIPS_39069,OH,Henry County,71.7,Below 10,7.36
FIPS_39075,OH,Holmes County,42.8,Below 10,4.55
FIPS_39079,OH,Jackson County,59.9,Above 17,20.34
FIPS_39081,OH,Jefferson County,62.8,Above 17,18.54
FIPS_39085,OH,Lake County,72.9,Below 10,9.31
FIPS_39099,OH,Mahoning County,65.8,Above 17,18.79
FIPS_39105,OH,Meigs County,61.6,Above 17,18.28
FIPS_39109,OH,Miami County,71.9,Below 10,8.11
FIPS_39113,OH,Montgomery County,66.7,Above 17,19.37
FIPS_39117,OH,Morrow County,68.1,Below 10,7.96
FIPS_39123,OH,Ottawa County,72.9,Below 10,9.86
FIPS_39131,OH,Pike County,58.3,Above 17,21.43
FIPS_39133,OH,Portage County,64.2,Below 10,9.48
FIPS_39149,OH,Shelby County,69.8,Below 10,7
FIPS_39155,OH,Trumbull County,64,Above 17,18.88
FIPS_39159,OH,Union County,78.4,Below 10,5.54
FIPS_39163,OH,Vinton County,59.7,Above 17,19.94
FIPS_39165,OH,Warren County,80.8,Below 10,8.18
FIPS_39169,OH,Wayne County,62.7,Below 10,8.62
FIPS_39173,OH,Wood County,66.2,Below 10,7.96
FIPS_40009,OK,Beckham County,49.8,Above 17,20.12
FIPS_40011,OK,Blaine County,58,Above 17,21.05
FIPS_40015,OK,Caddo County,48.1,Above 17,20.67
FIPS_40019,OK,Carter County,55.2,Above 17,22.78
FIPS_40021,OK,Cherokee County,47.8,Above 17,17.22
FIPS_40023,OK,Choctaw County,52.9,Above 17,32.55
FIPS_40031,OK,Comanche County,39.7,Above 17,21.45
FIPS_40033,OK,Cotton County,57.7,Above 17,34.62
FIPS_40035,OK,Craig County,54.7,Above 17,19.55
FIPS_40037,OK,Creek County,56.8,Above 17,22.09
FIPS_40039,OK,Custer County,51.6,Above 17,20.03
FIPS_40041,OK,Delaware County,51.3,Above 17,18.3
FIPS_40061,OK,Haskell County,52.6,Above 17,17.33
FIPS_40063,OK,Hughes County,48.9,Above 17,33.03
FIPS_40069,OK,Johnston County,51.2,Above 17,27.27
FIPS_40071,OK,Kay County,53.1,Above 17,23.59
FIPS_40073,OK,Kingfisher County,60.8,Above 17,21.6
FIPS_40077,OK,Latimer County,53.5,Above 17,19.51
FIPS_40079,OK,Le Flore County,51.3,Above 17,18.85
FIPS_40081,OK,Lincoln County,56.4,Above 17,18.27
FIPS_40087,OK,McClain County,66.2,Above 17,17.01
FIPS_40089,OK,McCurtain County,47.9,Above 17,31.11
FIPS_40091,OK,McIntosh County,53.2,Above 17,18.26
FIPS_40093,OK,Major County,63.6,Above 17,33.93
FIPS_40095,OK,Marshall County,50.6,Above 17,27.55
FIPS_40099,OK,Murray County,56.4,Above 17,20.07
FIPS_40101,OK,Muskogee County,49.4,Above 17,18.1
FIPS_40103,OK,Noble County,57.7,Above 17,28.47
FIPS_40107,OK,Okfuskee County,44.1,Above 17,24.93
FIPS_40109,OK,Oklahoma County,54.4,Above 17,20.33
FIPS_40111,OK,Okmulgee County,49,Above 17,29.51
FIPS_40113,OK,Osage County,56,Above 17,19.1
FIPS_40115,OK,Ottawa County,49.7,Above 17,21.13
FIPS_40117,OK,Pawnee County,54.3,Above 17,24.36
FIPS_40121,OK,Pittsburg County,53.5,Above 17,23.23
FIPS_40123,OK,Pontotoc County,53.2,Above 17,19.85
FIPS_40125,OK,Pottawatomie County,51.4,Above 17,19.02
FIPS_40127,OK,Pushmataha County,55.2,Above 17,25.24
FIPS_40133,OK,Seminole County,45.9,Above 17,18.67
FIPS_40143,OK,Tulsa County,58.9,Above 17,19.96
FIPS_40147,OK,Washington County,61.3,Above 17,19.26
FIPS_40153,OK,Woodward County,53.2,Above 17,18.72
FIPS_41001,OR,Baker County,77.9,Above 17,26.08
FIPS_41003,OR,Benton County,73.8,Below 10,8.72
FIPS_41009,OR,Columbia County,79,Above 17,18.06
FIPS_41011,OR,Coos County,72.2,Above 17,18.99
FIPS_41013,OR,Crook County,81.9,Above 17,22.68
FIPS_41015,OR,Curry County,77.2,Above 17,31.46
FIPS_41019,OR,Douglas County,73.3,Above 17,18.89
FIPS_41025,OR,Harney County,77.7,Above 17,46.35
FIPS_41029,OR,Jackson County,75.7,Above 17,18.88
FIPS_41033,OR,Josephine County,75.3,Above 17,27.34
FIPS_41035,OR,Klamath County,71.9,Above 17,26.03
FIPS_41041,OR,Lincoln County,77.3,Above 17,21.89
FIPS_41053,OR,Polk County,77.1,Below 10,9.66
FIPS_41059,OR,Umatilla County,62.5,Above 17,17.07
FIPS_41067,OR,Washington County,78.4,Below 10,7.97
FIPS_42009,PA,Bedford County,71.4,Above 17,19.11
FIPS_42013,PA,Blair County,65.6,Below 10,9.78
FIPS_42017,PA,Bucks County,82.3,Below 10,6.82
FIPS_42019,PA,Butler County,76.4,Below 10,9.59
FIPS_42025,PA,Carbon County,65.7,Above 17,21.57
FIPS_42027,PA,Centre County,59.9,Below 10,6.54
FIPS_42029,PA,Chester County,82.9,Below 10,6.59
FIPS_42031,PA,Clarion County,62.4,Above 17,17.14
FIPS_42041,PA,Cumberland County,73.1,Below 10,8.5
FIPS_42051,PA,Fayette County,59.6,Above 17,17.18
FIPS_42071,PA,Lancaster County,69.2,Below 10,8.47
FIPS_42073,PA,Lawrence County,67.2,Above 17,17.4
FIPS_42077,PA,Lehigh County,69.2,Below 10,9.63
FIPS_42083,PA,Mc Kean County,59.8,Below 10,9.75
FIPS_42091,PA,Montgomery County,83,Below 10,6.81
FIPS_42095,PA,Northampton County,72.9,Below 10,8.21
FIPS_42097,PA,Northumberland County,58,Below 10,8.54
FIPS_42101,PA,Philadelphia County,65,Above 17,23.93
FIPS_42105,PA,Potter County,68.6,Above 17,19.21
FIPS_42109,PA,Snyder County,60.1,Below 10,6.42
FIPS_42119,PA,Union County,55.5,Below 10,6.69
FIPS_42127,PA,Wayne County,66.6,Above 17,23.85
FIPS_44003,RI,Kent County,71.7,Below 10,4.14
FIPS_44005,RI,Newport County,69.1,Below 10,3.88
FIPS_44007,RI,Providence County,59.7,Below 10,4.46
FIPS_44009,RI,Washington County,73.7,Below 10,5.4
FIPS_45001,SC,Abbeville County,63.9,Above 17,20.31
FIPS_45003,SC,Aiken County,65.8,Above 17,24.27
FIPS_45005,SC,Allendale County,51.5,Above 17,38.66
FIPS_45007,SC,Anderson County,63.4,Above 17,22.64
FIPS_45009,SC,Bamberg County,58.1,Above 17,26.74
FIPS_45011,SC,Barnwell County,64.8,Above 17,32.19
FIPS_45015,SC,Berkeley County,63.7,Above 17,17.15
FIPS_45017,SC,Calhoun County,71.1,Above 17,28.72
FIPS_45019,SC,Charleston County,69.3,Above 17,19.18
FIPS_45021,SC,Cherokee County,58.7,Above 17,19.62
FIPS_45023,SC,Chester County,63.3,Above 17,29.15
FIPS_45025,SC,Chesterfield County,54.1,Above 17,26.2
FIPS_45027,SC,Clarendon County,62.1,Above 17,17.17
FIPS_45029,SC,Colleton County,67.2,Above 17,34.51
FIPS_45031,SC,Darlington County,63,Above 17,28.71
FIPS_45033,SC,Dillon County,57.8,Above 17,42.49
FIPS_45039,SC,Fairfield County,67.2,Above 17,20.52
FIPS_45041,SC,Florence County,62.2,Above 17,20.97
FIPS_45043,SC,Georgetown County,73.4,Above 17,20.56
FIPS_45049,SC,Hampton County,63,Above 17,24.96
FIPS_45051,SC,Horry County,66.4,Above 17,18.73
FIPS_45053,SC,Jasper County,66.7,Above 17,30.5
FIPS_45055,SC,Kershaw County,67.3,Above 17,17.64
FIPS_45057,SC,Lancaster County,69.2,Above 17,19.52
FIPS_45061,SC,Lee County,61.4,Above 17,29.19
FIPS_45063,SC,Lexington County,66.2,Above 17,17.7
FIPS_45065,SC,McCormick County,68.4,Above 17,23.16
FIPS_45067,SC,Marion County,62.5,Above 17,27.76
FIPS_45069,SC,Marlboro County,54.9,Above 17,26.54
FIPS_45071,SC,Newberry County,65.1,Above 17,17.71
FIPS_45073,SC,Oconee County,66.1,Above 17,18.13
FIPS_45075,SC,Orangeburg County,61.2,Above 17,22.59
FIPS_45079,SC,Richland County,61.7,Above 17,17.44
FIPS_45083,SC,Spartanburg County,64.4,Above 17,19.45
FIPS_45085,SC,Sumter County,61.2,Above 17,18.73
FIPS_45087,SC,Union County,62,Above 17,18.99
FIPS_45089,SC,Williamsburg County,66.5,Above 17,21.44
FIPS_46005,SD,Beadle County,59,Above 17,18.46
FIPS_46013,SD,Brown County,61.2,Below 10,9.22
FIPS_46029,SD,Codington County,63,Below 10,9.26
FIPS_46033,SD,Custer County,73.5,Above 17,29.54
FIPS_46102,SD,Oglala Lakota County,35.5,Above 17,19.63
FIPS_46103,SD,Pennington County,67.4,Above 17,18.36
FIPS_46121,SD,Todd County,42.6,Above 17,27.45
FIPS_47005,TN,Benton County,56.3,Above 17,28.58
FIPS_47007,TN,Bledsoe County,46.6,Above 17,17.47
FIPS_47013,TN,Campbell County,47.4,Above 17,21.15
FIPS_47015,TN,Cannon County,58.7,Above 17,23.54
FIPS_47017,TN,Carroll County,54.8,Above 17,17.2
FIPS_47019,TN,Carter County,53.9,Above 17,19.49
FIPS_47021,TN,Cheatham County,65.4,Above 17,17.79
FIPS_47023,TN,Chester County,57.1,Above 17,17.33
FIPS_47025,TN,Claiborne County,50.7,Above 17,20.11
FIPS_47027,TN,Clay County,58.4,Above 17,31.24
FIPS_47029,TN,Cocke County,52.6,Above 17,20.7
FIPS_47033,TN,Crockett County,58.4,Above 17,19.55
FIPS_47035,TN,Cumberland County,65.8,Above 17,22.37
FIPS_47037,TN,Davidson County,62.1,Above 17,18.75
FIPS_47039,TN,Decatur County,57,Above 17,17.1
FIPS_47043,TN,Dickson County,59.9,Above 17,20.99
FIPS_47045,TN,Dyer County,53.6,Above 17,18.78
FIPS_47047,TN,Fayette County,70.7,Above 17,17.25
FIPS_47051,TN,Franklin County,57.9,Above 17,18.58
FIPS_47053,TN,Gibson County,60.5,Above 17,20.74
FIPS_47055,TN,Giles County,57.2,Above 17,23.1
FIPS_47061,TN,Grundy County,56.4,Above 17,25.37
FIPS_47065,TN,Hamilton County,61.3,Above 17,17.72
FIPS_47069,TN,Hardeman County,49.6,Above 17,19.84
FIPS_47071,TN,Hardin County,56.7,Above 17,25.67
FIPS_47075,TN,Haywood County,56.7,Above 17,21.82
FIPS_47079,TN,Henry County,59,Above 17,24.15
FIPS_47081,TN,Hickman County,50,Above 17,20.84
FIPS_47085,TN,Humphreys County,57.2,Above 17,21.62
FIPS_47091,TN,Johnson County,53.5,Above 17,19.13
FIPS_47097,TN,Lauderdale County,45.7,Above 17,17.06
FIPS_47099,TN,Lawrence County,57.4,Above 17,20.57
FIPS_47101,TN,Lewis County,60,Above 17,36.27
FIPS_47107,TN,McMinn County,55.3,Above 17,18.73
FIPS_47109,TN,McNairy County,56.1,Above 17,28.65
FIPS_47111,TN,Macon County,53.6,Above 17,22.27
FIPS_47113,TN,Madison County,57.7,Above 17,19.21
FIPS_47115,TN,Marion County,58.9,Above 17,18.15
FIPS_47125,TN,Montgomery County,52.6,Above 17,21.36
FIPS_47131,TN,Obion County,57.7,Above 17,17.17
FIPS_47133,TN,Overton County,57.9,Above 17,17.13
FIPS_47139,TN,Polk County,61.7,Above 17,23.78
FIPS_47143,TN,Rhea County,54.9,Above 17,17.6
FIPS_47145,TN,Roane County,60.2,Above 17,19.15
FIPS_47151,TN,Scott County,54,Above 17,21.79
FIPS_47155,TN,Sevier County,58.4,Above 17,17.15
FIPS_47157,TN,Shelby County,57.1,Above 17,30.59
FIPS_47159,TN,Smith County,59.7,Above 17,21.11
FIPS_47167,TN,Tipton County,59.1,Above 17,17.22
FIPS_47173,TN,Union County,52.9,Above 17,20.32
FIPS_47177,TN,Warren County,53.8,Above 17,18.54
FIPS_47183,TN,Weakley County,51.5,Above 17,18.57
FIPS_47185,TN,White County,56.6,Above 17,20.65
FIPS_47187,TN,Williamson County,86.2,Below 10,9.3
FIPS_48007,TX,Aransas County,65.8,Above 17,35.95
FIPS_48015,TX,Austin County,69,Above 17,22.74
FIPS_48019,TX,Bandera County,69.6,Above 17,19.31
FIPS_48021,TX,Bastrop County,62.8,Above 17,17.25
FIPS_48027,TX,Bell County,52.1,Above 17,18.24
FIPS_48031,TX,Blanco County,79.9,Above 17,23.76
FIPS_48037,TX,Bowie County,55.1,Above 17,17.49
FIPS_48041,TX,Brazos County,52.7,Below 10,7.51
FIPS_48043,TX,Brewster County,69.5,Above 17,36.76
FIPS_48059,TX,Callahan County,63.5,Above 17,18.62
FIPS_48061,TX,Cameron County,48.4,Below 10,5.62
FIPS_48067,TX,Cass County,61.2,Above 17,21.28
FIPS_48071,TX,Chambers County,75.1,Above 17,17.35
FIPS_48085,TX,Collin County,76.1,Below 10,8.19
FIPS_48093,TX,Comanche County,61.8,Above 17,23.54
FIPS_48111,TX,Dallam County,39.8,Above 17,27.76
FIPS_48121,TX,Denton County,71.6,Below 10,8.4
FIPS_48123,TX,DeWitt County,53.7,Above 17,18.7
FIPS_48141,TX,El Paso County,51.8,Below 10,8.07
FIPS_48143,TX,Erath County,54.3,Below 10,9.43
FIPS_48147,TX,Fannin County,56.3,Above 17,18.84
FIPS_48161,TX,Freestone County,59.8,Above 17,20.27
FIPS_48165,TX,Gaines County,54.7,Below 10,9.48
FIPS_48171,TX,Gillespie County,79.4,Above 17,21.65
FIPS_48175,TX,Goliad County,69.1,Above 17,28.99
FIPS_48179,TX,Gray County,51.3,Above 17,18.09
FIPS_48183,TX,Gregg County,56.4,Above 17,19.71
FIPS_48185,TX,Grimes County,58.9,Above 17,17.53
FIPS_48199,TX,Hardin County,64.9,Above 17,19.19
FIPS_48203,TX,Harrison County,62,Above 17,20.13
FIPS_48213,TX,Henderson County,58.9,Above 17,20.74
FIPS_48215,TX,Hidalgo County,51.2,Below 10,5.6
FIPS_48217,TX,Hill County,56.7,Above 17,18.24
FIPS_48219,TX,Hockley County,51.6,Above 17,17.35
FIPS_48221,TX,Hood County,69.9,Above 17,18.95
FIPS_48223,TX,Hopkins County,61,Above 17,25.01
FIPS_48227,TX,Howard County,41.1,Above 17,23.02
FIPS_48233,TX,Hutchinson County,57.7,Above 17,17.03
FIPS_48239,TX,Jackson County,61.7,Above 17,17.53
FIPS_48241,TX,Jasper County,59.1,Above 17,21.91
FIPS_48245,TX,Jefferson County,54.5,Above 17,18.22
FIPS_48265,TX,Kerr County,69.3,Above 17,19.92
FIPS_48273,TX,Kleberg County,49.4,Below 10,6.45
FIPS_48277,TX,Lamar County,58.3,Above 17,17.28
FIPS_48279,TX,Lamb County,51.3,Above 17,18.39
FIPS_48289,TX,Leon County,68.3,Above 17,19.61
FIPS_48291,TX,Liberty County,50.6,Above 17,20.86
FIPS_48293,TX,Limestone County,55.3,Above 17,17.05
FIPS_48297,TX,Live Oak County,55.5,Above 17,21.34
FIPS_48299,TX,Llano County,71.4,Above 17,21.5
FIPS_48307,TX,McCulloch County,58.4,Above 17,27.55
FIPS_48321,TX,Matagorda County,54.3,Above 17,17.94
FIPS_48323,TX,Maverick County,50.1,Below 10,5.49
FIPS_48337,TX,Montague County,66.7,Above 17,18.31
FIPS_48351,TX,Newton County,55.5,Above 17,27.65
FIPS_48365,TX,Panola County,66.4,Above 17,20.64
FIPS_48371,TX,Pecos County,43.8,Above 17,21.57
FIPS_48373,TX,Polk County,63.4,Above 17,24.66
FIPS_48375,TX,Potter County,44.8,Above 17,22.38
FIPS_48387,TX,Red River County,60.3,Above 17,19.79
FIPS_48401,TX,Rusk County,54.5,Above 17,17.86
FIPS_48403,TX,Sabine County,64.5,Above 17,20.99
FIPS_48415,TX,Scurry County,47.8,Above 17,17.73
FIPS_48419,TX,Shelby County,59,Above 17,17.36
FIPS_48423,TX,Smith County,61.6,Above 17,17.89
FIPS_48425,TX,Somervell County,72.9,Above 17,22.27
FIPS_48427,TX,Starr County,56.1,Below 10,9.01
FIPS_48441,TX,Taylor County,55.8,Above 17,17.59
FIPS_48453,TX,Travis County,70.9,Below 10,8.43
FIPS_48455,TX,Trinity County,61.3,Above 17,21.8
FIPS_48459,TX,Upshur County,61.5,Above 17,19.77
FIPS_48465,TX,Val Verde County,52,Below 10,9.37
FIPS_48467,TX,Van Zandt County,61.9,Above 17,17.88
FIPS_48469,TX,Victoria County,52.4,Above 17,17.15
FIPS_48471,TX,Walker County,41.1,Below 10,7.75
FIPS_48479,TX,Webb County,49.4,Below 10,5.89
FIPS_48491,TX,Williamson County,74.7,Below 10,9.5
FIPS_48493,TX,Wilson County,67.6,Above 17,23.89
FIPS_48495,TX,Winkler County,43.7,Above 17,30.7
FIPS_48503,TX,Young County,63.9,Above 17,18.87
FIPS_49001,UT,Beaver County,74.1,Above 17,30.4
FIPS_49005,UT,Cache County,70,Below 10,8.06
FIPS_49007,UT,Carbon County,63.5,Above 17,21.53
FIPS_49011,UT,Davis County,73.6,Below 10,9.62
FIPS_49013,UT,Duchesne County,66.5,Above 17,25.96
FIPS_49015,UT,Emery County,70.2,Above 17,29.72
FIPS_49017,UT,Garfield County,73.7,Above 17,39.61
FIPS_49023,UT,Juab County,78.1,Above 17,24.16
FIPS_49027,UT,Millard County,73.1,Above 17,18.44
FIPS_49037,UT,San Juan County,65.1,Above 17,20.44
FIPS_49041,UT,Sevier County,69.3,Above 17,23.25
FIPS_49047,UT,Uintah County,64.9,Above 17,21.83
FIPS_49049,UT,Utah County,72.8,Below 10,9.36
FIPS_50001,VT,Addison County,75.9,Below 10,7.59
FIPS_50005,VT,Caledonia County,63.2,Above 17,18.61
FIPS_50007,VT,Chittenden County,75.2,Below 10,6.74
FIPS_50017,VT,Orange County,63.6,Above 17,19.36
FIPS_51003,VA,Albemarle County,79.4,Below 10,9.02
FIPS_51007,VA,Amelia County,78.1,Above 17,27.65
FIPS_51013,VA,Arlington County,77.2,Below 10,3.05
FIPS_51027,VA,Buchanan County,56.5,Above 17,23.47
FIPS_51033,VA,Caroline County,70.9,Above 17,18.95
FIPS_51037,VA,Charlotte County,66.7,Above 17,18.37
FIPS_51051,VA,Dickenson County,62.4,Above 17,31.65
FIPS_51059,VA,Fairfax County,80.6,Below 10,4.83
FIPS_51071,VA,Giles County,69.7,Above 17,23.83
FIPS_51089,VA,Henry County,64.1,Above 17,21.61
FIPS_51095,VA,James City County,84,Below 10,8.67
FIPS_51099,VA,King George County,71.9,Above 17,17.28
FIPS_51103,VA,Lancaster County,81.2,Above 17,24.18
FIPS_51105,VA,Lee County,51.9,Above 17,17.78
FIPS_51107,VA,Loudoun County,88.6,Below 10,5.52
FIPS_51109,VA,Louisa County,76.5,Above 17,22.88
FIPS_51111,VA,Lunenburg County,61.9,Above 17,24.57
FIPS_51113,VA,Madison County,78.5,Above 17,24.16
FIPS_51117,VA,Mecklenburg County,66.2,Above 17,20.85
FIPS_51121,VA,Montgomery County,57.6,Below 10,7.71
FIPS_51125,VA,Nelson County,78,Above 17,17.49
FIPS_51131,VA,Northampton County,72.9,Above 17,18.61
FIPS_51137,VA,Orange County,73.9,Below 10,9.29
FIPS_51141,VA,Patrick County,65.9,Above 17,24.9
FIPS_51143,VA,Pittsylvania County,70.1,Above 17,21.05
FIPS_51153,VA,Prince William County,78.1,Below 10,6.99
FIPS_51163,VA,Rockbridge County,67.4,Above 17,17.68
FIPS_51167,VA,Russell County,61.8,Above 17,18.6
FIPS_51169,VA,Scott County,61.5,Above 17,33.17
FIPS_51173,VA,Smyth County,58.3,Above 17,26.91
FIPS_51177,VA,Spotsylvania County,77,Below 10,9.35
FIPS_51179,VA,Stafford County,76.3,Below 10,8.66
FIPS_51185,VA,Tazewell County,61,Above 17,18.52
FIPS_51191,VA,Washington County,65.4,Above 17,18.49
FIPS_51197,VA,Wythe County,66.2,Above 17,17.37
FIPS_51199,VA,York County,76.9,Below 10,9.38
FIPS_51510,VA,Alexandria city,76.2,Below 10,5.92
FIPS_51540,VA,Charlottesville city,65.2,Below 10,8.01
FIPS_51570,VA,Colonial Heights city,70.5,Above 17,23.86
FIPS_51590,VA,Danville city,63,Above 17,35.36
FIPS_51650,VA,Hampton city,63.1,Above 17,18.54
FIPS_51660,VA,Harrisonburg city,43.1,Below 10,8.22
FIPS_51670,VA,Hopewell city,58.9,Above 17,30.13
FIPS_51683,VA,Manassas city,69.9,Below 10,7.26
FIPS_51690,VA,Martinsville city,65.2,Above 17,24.85
FIPS_51700,VA,Newport News city,61.4,Above 17,20.93
FIPS_51710,VA,Norfolk city,47.7,Above 17,21.73
FIPS_51730,VA,Petersburg city,59.3,Above 17,48.41
FIPS_51740,VA,Portsmouth city,62.3,Above 17,25.95
FIPS_51760,VA,Richmond city,62,Above 17,24.44
FIPS_51770,VA,Roanoke city,59.2,Above 17,21.7
FIPS_51790,VA,Staunton city,66.6,Above 17,17.75
FIPS_51840,VA,Winchester city,62.3,Below 10,7.89
FIPS_53003,WA,Asotin County,68,Above 17,19.49
FIPS_53009,WA,Clallam County,79.4,Above 17,19.1
FIPS_53019,WA,Ferry County,68.7,Above 17,26.15
FIPS_53021,WA,Franklin County,64.5,Below 10,8.1
FIPS_53031,WA,Jefferson County,90.5,Above 17,18.87
FIPS_53033,WA,King County,79.4,Below 10,8.07
FIPS_53041,WA,Lewis County,75.5,Above 17,17.35
FIPS_53045,WA,Mason County,74.2,Above 17,18.38
FIPS_53061,WA,Snohomish County,77,Below 10,8.7
FIPS_53075,WA,Whitman County,54.6,Below 10,9.71
FIPS_54001,WV,Barbour County,50.4,Above 17,20.54
FIPS_54005,WV,Boone County,52.4,Above 17,22.8
FIPS_54007,WV,Braxton County,50.4,Above 17,25.55
FIPS_54011,WV,Cabell County,50.4,Above 17,18.39
FIPS_54015,WV,Clay County,50.4,Above 17,44.08
FIPS_54017,WV,Doddridge County,43.8,Above 17,23.7
FIPS_54025,WV,Greenbrier County,56.6,Above 17,20.08
FIPS_54031,WV,Hardy County,59.3,Above 17,26.17
FIPS_54033,WV,Harrison County,57.6,Above 17,20.42
FIPS_54039,WV,Kanawha County,57.3,Above 17,22
FIPS_54041,WV,Lewis County,59.3,Above 17,27.41
FIPS_54043,WV,Lincoln County,49.2,Above 17,20.37
FIPS_54045,WV,Logan County,50.4,Above 17,17.8
FIPS_54047,WV,McDowell County,45.9,Above 17,38.73
FIPS_54049,WV,Marion County,57.6,Above 17,18.5
FIPS_54053,WV,Mason County,53.2,Above 17,17.27
FIPS_54055,WV,Mercer County,53.5,Above 17,23.28
FIPS_54057,WV,Mineral County,59.5,Above 17,17.02
FIPS_54061,WV,Monongalia County,49.4,Below 10,9.84
FIPS_54063,WV,Monroe County,61.2,Above 17,27.04
FIPS_54065,WV,Morgan County,59.7,Above 17,28.13
FIPS_54067,WV,Nicholas County,54.3,Above 17,28.22
FIPS_54071,WV,Pendleton County,63.3,Above 17,40.06
FIPS_54081,WV,Raleigh County,56.6,Above 17,23.65
FIPS_54083,WV,Randolph County,52.8,Above 17,18.79
FIPS_54085,WV,Ritchie County,55.5,Above 17,22.72
FIPS_54087,WV,Roane County,53.2,Above 17,37.49
FIPS_54089,WV,Summers County,52.7,Above 17,22
FIPS_54093,WV,Tucker County,65.6,Above 17,29.03
FIPS_54101,WV,Webster County,51.3,Above 17,28.93
FIPS_54109,WV,Wyoming County,51.9,Above 17,20.14
FIPS_55003,WI,Ashland County,72.8,Above 17,18
FIPS_55007,WI,Bayfield County,87.6,Above 17,19.94
FIPS_55009,WI,Brown County,75,Below 10,8.97
FIPS_55015,WI,Calumet County,81.7,Below 10,7.2
FIPS_55019,WI,Clark County,62.5,Below 10,6.92
FIPS_55025,WI,Dane County,84.7,Below 10,7.23
FIPS_55027,WI,Dodge County,70,Below 10,7.06
FIPS_55031,WI,Douglas County,71.6,Below 10,9.68
FIPS_55033,WI,Dunn County,65.9,Below 10,7.54
FIPS_55039,WI,Fond du Lac County,72.8,Below 10,9.53
FIPS_55045,WI,Green County,75.9,Below 10,7.59
FIPS_55055,WI,Jefferson County,73.3,Below 10,8.72
FIPS_55057,WI,Juneau County,65.2,Below 10,9.77
FIPS_55059,WI,Kenosha County,71.4,Below 10,9.82
FIPS_55063,WI,La Crosse County,72.4,Below 10,7.27
FIPS_55073,WI,Marathon County,74.8,Below 10,9
FIPS_55079,WI,Milwaukee County,67.8,Above 17,19.57
FIPS_55085,WI,Oneida County,82.8,Below 10,9.57
FIPS_55087,WI,Outagamie County,77.2,Below 10,9.2
FIPS_55089,WI,Ozaukee County,89.4,Below 10,6.96
FIPS_55093,WI,Pierce County,70.4,Below 10,7.58
FIPS_55097,WI,Portage County,72.6,Below 10,6.79
FIPS_55105,WI,Rock County,70.5,Below 10,9.71
FIPS_55109,WI,St. Croix County,85.1,Below 10,7.57
FIPS_55111,WI,Sauk County,75.1,Below 10,9.97
FIPS_55115,WI,Shawano County,71,Below 10,7.34
FIPS_55117,WI,Sheboygan County,75.9,Below 10,7.97
FIPS_55125,WI,Vilas County,84.5,Above 17,17.33
FIPS_55127,WI,Walworth County,73,Below 10,9.08
FIPS_55131,WI,Washington County,84.2,Below 10,8.41
FIPS_55133,WI,Waukesha County,87.1,Below 10,8.05
FIPS_55139,WI,Winnebago County,70.5,Below 10,9.12
FIPS_56003,WY,Big Horn County,67.3,Above 17,21.98
FIPS_56007,WY,Carbon County,60.2,Above 17,26.52
FIPS_56009,WY,Converse County,68.9,Above 17,27.43
FIPS_56013,WY,Fremont County,61.6,Above 17,29.77
FIPS_56017,WY,Hot Springs County,70.6,Above 17,52.71
FIPS_56021,WY,Laramie County,60.3,Above 17,23.41
FIPS_56023,WY,Lincoln County,75.2,Above 17,18.39
FIPS_56025,WY,Natrona County,59,Above 17,21.98
FIPS_56029,WY,Park County,73.3,Above 17,26.57
FIPS_56031,WY,Platte County,71.9,Above 17,28.05
FIPS_56033,WY,Sheridan County,69.9,Above 17,20.4
FIPS_56035,WY,Sublette County,67.5,Above 17,28.53
FIPS_56037,WY,Sweetwater County,54.4,Above 17,25.03
FIPS_56039,WY,Teton County,86.2,Below 10,9.44
FIPS_56041,WY,Uinta County,67,Above 17,22.55
